{"cameraMode":{"drawMode":0,"name":"Shaded","section":"Shading Mode"},"sceneLighting":true,"audioPlay":false,"sceneViewState":{"m_AlwaysRefresh":false,"showFog":true,"showSkybox":true,"showFlares":true,"showImageEffects":true,"showParticleSystems":true,"showVisualEffectGraphs":true,"m_FxEnabled":true},"in2DMode":false,"pivot":{"x":-0.338015079498291,"y":3.7385356426239015,"z":1.2592730522155762},"rotation":{"x":0.011021935380995274,"y":-0.9888623952865601,"z":0.09702986478805542,"w":0.11232594400644303},"size":3.878135919570923,"orthographic":false}